k_cnt,f(x)
0,147267
1,13.5881
2,3.34229
3,2.59086
4,2.55986
5,2.55927
6,2.55927
7,2.55927
8,2.55927
9,2.55927
10,2.55927
11,2.55927
12,2.55927
13,2.55927
14,2.55927
15,2.55927
16,2.55927
17,2.55927
