k_cnt,f(x)
0,147267
1,54176.4
2,19930.4
3,7332.07
4,2697.42
5,992.467
6,365.306
7,134.664
8,49.9247
9,18.9022
10,7.69771
11,3.85001
12,2.74621
13,2.56629
14,2.55928
